{"scale": {"mean": [0.0, 7.729617038728568, 0.23174174157077806, 38969052.904772334], "std": [1.0, 10.985214184502748, 1.7244174300078432, 290120935.5200364]}, "weights": [0.0, -1.1342430776320624, 2.830163358712081, 2.83040488485812]}